Hue,Saturation,Brightness,Path,Curvature,Aspect Ratio
0.0,0.4490445559140652,0.5933333039283752,M 25.0 50.0 C 228.33333333333334 50.0 431.66666666666663 50.0 635.0 50.0 C 635.0 206.66666666666666 635.0 363.33333333333337 635.0 520.0 C 431.66666666666663 520.0 228.33333333333334 520.0 25.0 520.0 C 25.0 363.33333333333337 25.0 206.66666666666666 25.0 50.0 Z,TBD,TBD